chromosome	start	end	strand	gene_id	gene_name
NC_063269.1	192994	199951	-	LOC100648268	LOC100648268
NC_063269.1	200094	235175	+	LOC100650023	LOC100650023
NC_063269.1	207250	208497	+	LOC125384698	LOC125384698
NC_063269.1	240149	250379	-	LOC100650139	LOC100650139
NC_063269.1	242092	243899	+	LOC125384718	LOC125384718
NC_063269.1	250800	254389	+	LOC100650265	LOC100650265
NC_063269.1	254524	258352	-	LOC100650388	LOC100650388
NC_063269.1	258390	261245	+	LOC100650511	LOC100650511
NC_063269.1	261037	265264	-	LOC105666912	LOC105666912
